reference,residue_number,alignment_column
AtSDH,1,1
AtSDH,2,2
AtSDH,3,3
AtSDH,4,4
AtSDH,5,5
AtSDH,6,6
AtSDH,7,7
AtSDH,8,8
AtSDH,9,9
AtSDH,10,10
AtSDH,11,11
AtSDH,12,12
AtSDH,13,13
AtSDH,14,14
AtSDH,15,15
AtSDH,16,16
AtSDH,17,17
AtSDH,18,18
AtSDH,19,19
AtSDH,20,20
AtSDH,21,21
AtSDH,22,22
AtSDH,23,23
AtSDH,24,24
AtSDH,25,25
AtSDH,26,26
AtSDH,27,27
AtSDH,28,28
AtSDH,29,29
AtSDH,30,30
AtSDH,31,31
AtSDH,32,32
AtSDH,33,33
AtSDH,34,34
AtSDH,35,35
AtSDH,36,36
AtSDH,37,37
AtSDH,38,38
AtSDH,39,39
AtSDH,40,40
AtSDH,41,41
AtSDH,42,42
AtSDH,43,43
AtSDH,44,49
AtSDH,45,50
AtSDH,46,51
AtSDH,47,52
AtSDH,48,53
AtSDH,49,54
AtSDH,50,55
AtSDH,51,56
AtSDH,52,57
AtSDH,53,58
AtSDH,54,59
AtSDH,55,60
AtSDH,56,61
AtSDH,57,62
AtSDH,58,63
AtSDH,59,64
AtSDH,60,65
AtSDH,61,66
AtSDH,62,67
AtSDH,63,68
AtSDH,64,69
AtSDH,65,70
AtSDH,66,71
AtSDH,67,81
AtSDH,68,82
AtSDH,69,83
AtSDH,70,84
AtSDH,71,85
AtSDH,72,86
AtSDH,73,87
AtSDH,74,88
AtSDH,75,89
AtSDH,76,93
AtSDH,77,94
AtSDH,78,95
AtSDH,79,96
AtSDH,80,97
AtSDH,81,98
AtSDH,82,99
AtSDH,83,100
AtSDH,84,101
AtSDH,85,102
AtSDH,86,103
AtSDH,87,104
AtSDH,88,105
AtSDH,89,106
AtSDH,90,107
AtSDH,91,109
AtSDH,92,110
AtSDH,93,111
AtSDH,94,112
AtSDH,95,113
AtSDH,96,114
AtSDH,97,115
AtSDH,98,116
AtSDH,99,117
AtSDH,100,118
AtSDH,101,119
AtSDH,102,120
AtSDH,103,121
AtSDH,104,122
AtSDH,105,123
AtSDH,106,124
AtSDH,107,125
AtSDH,108,126
AtSDH,109,127
AtSDH,110,128
AtSDH,111,129
AtSDH,112,130
AtSDH,113,131
AtSDH,114,132
AtSDH,115,133
AtSDH,116,134
AtSDH,117,135
AtSDH,118,136
AtSDH,119,137
AtSDH,120,138
AtSDH,121,139
AtSDH,122,140
AtSDH,123,141
AtSDH,124,142
AtSDH,125,143
AtSDH,126,144
AtSDH,127,145
AtSDH,128,146
AtSDH,129,147
AtSDH,130,148
AtSDH,131,149
AtSDH,132,150
AtSDH,133,151
AtSDH,134,152
AtSDH,135,153
AtSDH,136,154
AtSDH,137,155
AtSDH,138,156
AtSDH,139,157
AtSDH,140,158
AtSDH,141,159
AtSDH,142,160
AtSDH,143,161
AtSDH,144,162
AtSDH,145,163
AtSDH,146,164
AtSDH,147,165
AtSDH,148,166
AtSDH,149,167
AtSDH,150,168
AtSDH,151,169
AtSDH,152,170
AtSDH,153,171
AtSDH,154,172
AtSDH,155,192
AtSDH,156,193
AtSDH,157,194
AtSDH,158,195
AtSDH,159,196
AtSDH,160,197
AtSDH,161,198
AtSDH,162,199
AtSDH,163,200
AtSDH,164,201
AtSDH,165,202
AtSDH,166,203
AtSDH,167,207
AtSDH,168,208
AtSDH,169,209
AtSDH,170,210
AtSDH,171,211
AtSDH,172,212
AtSDH,173,213
AtSDH,174,214
AtSDH,175,215
AtSDH,176,216
AtSDH,177,217
AtSDH,178,218
AtSDH,179,219
AtSDH,180,220
AtSDH,181,221
AtSDH,182,222
AtSDH,183,223
AtSDH,184,224
AtSDH,185,225
AtSDH,186,226
AtSDH,187,227
AtSDH,188,228
AtSDH,189,229
AtSDH,190,230
AtSDH,191,231
AtSDH,192,232
AtSDH,193,233
AtSDH,194,234
AtSDH,195,235
AtSDH,196,236
AtSDH,197,237
AtSDH,198,238
AtSDH,199,239
AtSDH,200,240
AtSDH,201,241
AtSDH,202,242
AtSDH,203,243
AtSDH,204,244
AtSDH,205,245
AtSDH,206,246
AtSDH,207,247
AtSDH,208,248
AtSDH,209,249
AtSDH,210,250
AtSDH,211,251
AtSDH,212,252
AtSDH,213,253
AtSDH,214,254
AtSDH,215,255
AtSDH,216,256
AtSDH,217,257
AtSDH,218,258
AtSDH,219,259
AtSDH,220,260
AtSDH,221,261
AtSDH,222,262
AtSDH,223,263
AtSDH,224,264
AtSDH,225,265
AtSDH,226,266
AtSDH,227,267
AtSDH,228,268
AtSDH,229,269
AtSDH,230,270
AtSDH,231,271
AtSDH,232,272
AtSDH,233,273
AtSDH,234,274
AtSDH,235,275
AtSDH,236,276
AtSDH,237,277
AtSDH,238,278
AtSDH,239,279
AtSDH,240,280
AtSDH,241,281
AtSDH,242,282
AtSDH,243,283
AtSDH,244,284
AtSDH,245,285
AtSDH,246,286
AtSDH,247,287
AtSDH,248,288
AtSDH,249,289
AtSDH,250,290
AtSDH,251,291
AtSDH,252,292
AtSDH,253,293
AtSDH,254,294
AtSDH,255,295
AtSDH,256,296
AtSDH,257,297
AtSDH,258,298
AtSDH,259,299
AtSDH,260,300
AtSDH,261,301
AtSDH,262,302
AtSDH,263,303
AtSDH,264,307
AtSDH,265,308
AtSDH,266,309
AtSDH,267,310
AtSDH,268,311
AtSDH,269,312
AtSDH,270,313
AtSDH,271,314
AtSDH,272,315
AtSDH,273,316
AtSDH,274,317
AtSDH,275,318
AtSDH,276,319
AtSDH,277,320
AtSDH,278,321
AtSDH,279,322
AtSDH,280,323
AtSDH,281,324
AtSDH,282,325
AtSDH,283,326
AtSDH,284,327
AtSDH,285,328
AtSDH,286,329
AtSDH,287,330
AtSDH,288,331
AtSDH,289,332
AtSDH,290,333
AtSDH,291,334
AtSDH,292,335
AtSDH,293,336
AtSDH,294,337
AtSDH,295,338
AtSDH,296,339
AtSDH,297,340
AtSDH,298,341
AtSDH,299,342
AtSDH,300,343
AtSDH,301,344
AtSDH,302,345
AtSDH,303,346
AtSDH,304,347
AtSDH,305,348
AtSDH,306,349
AtSDH,307,350
AtSDH,308,351
AtSDH,309,352
AtSDH,310,353
AtSDH,311,354
AtSDH,312,355
AtSDH,313,356
AtSDH,314,357
AtSDH,315,358
AtSDH,316,359
AtSDH,317,360
AtSDH,318,361
AtSDH,319,362
AtSDH,320,363
AtSDH,321,364
AtSDH,322,365
AtSDH,323,366
AtSDH,324,367
AtSDH,325,368
AtSDH,326,369
AtSDH,327,370
AtSDH,328,371
AtSDH,329,372
AtSDH,330,373
AtSDH,331,374
AtSDH,332,375
AtSDH,333,376
AtSDH,334,377
AtSDH,335,378
AtSDH,336,379
AtSDH,337,380
AtSDH,338,381
AtSDH,339,382
AtSDH,340,383
AtSDH,341,384
AtSDH,342,385
AtSDH,343,386
AtSDH,344,387
AtSDH,345,388
AtSDH,346,389
AtSDH,347,390
AtSDH,348,391
AtSDH,349,392
AtSDH,350,393
AtSDH,351,394
AtSDH,352,395
AtSDH,353,396
AtSDH,354,397
AtSDH,355,398
AtSDH,356,399
AtSDH,357,400
AtSDH,358,401
AtSDH,359,402
AtSDH,360,403
AtSDH,361,404
AtSDH,362,405
AtSDH,363,406
AtSDH,364,407
AtSDH,365,408
AtSDH,366,409
AtSDH,367,410
AtSDH,368,411
AtSDH,369,412
AtSDH,370,413
AtSDH,371,414
AtSDH,372,415
AtSDH,373,416
AtSDH,374,417
AtSDH,375,418
AtSDH,376,420
AtSDH,377,421
AtSDH,378,422
AtSDH,379,423
AtSDH,380,424
AtSDH,381,425
AtSDH,382,426
AtSDH,383,427
AtSDH,384,428
AtSDH,385,429
AtSDH,386,430
AtSDH,387,431
AtSDH,388,432
AtSDH,389,433
AtSDH,390,434
AtSDH,391,435
AtSDH,392,436
AtSDH,393,437
AtSDH,394,438
AtSDH,395,439
AtSDH,396,440
AtSDH,397,441
AtSDH,398,442
AtSDH,399,443
AtSDH,400,444
AtSDH,401,445
AtSDH,402,446
AtSDH,403,447
AtSDH,404,448
AtSDH,405,449
AtSDH,406,450
AtSDH,407,451
AtSDH,408,452
AtSDH,409,453
AtSDH,410,454
AtSDH,411,455
AtSDH,412,456
AtSDH,413,457
AtSDH,414,458
AtSDH,415,459
AtSDH,416,460
AtSDH,417,461
AtSDH,418,462
AtSDH,419,463
AtSDH,420,464
AtSDH,421,465
AtSDH,422,466
AtSDH,423,467
AtSDH,424,468
AtSDH,425,469
AtSDH,426,470
AtSDH,427,471
AtSDH,428,472
AtSDH,429,473
AtSDH,430,474
AtSDH,431,475
AtSDH,432,476
AtSDH,433,477
AtSDH,434,478
AtSDH,435,479
AtSDH,436,480
AtSDH,437,481
AtSDH,438,482
AtSDH,439,483
AtSDH,440,484
AtSDH,441,485
AtSDH,442,486
AtSDH,443,487
AtSDH,444,488
AtSDH,445,489
AtSDH,446,492
AtSDH,447,493
AtSDH,448,494
AtSDH,449,495
AtSDH,450,496
AtSDH,451,497
AtSDH,452,498
AtSDH,453,499
AtSDH,454,500
AtSDH,455,501
AtSDH,456,502
AtSDH,457,503
AtSDH,458,504
AtSDH,459,505
AtSDH,460,506
AtSDH,461,507
AtSDH,462,508
AtSDH,463,509
AtSDH,464,510
AtSDH,465,511
AtSDH,466,512
AtSDH,467,513
AtSDH,468,514
AtSDH,469,515
AtSDH,470,516
AtSDH,471,517
AtSDH,472,518
AtSDH,473,519
AtSDH,474,520
AtSDH,475,521
AtSDH,476,522
AtSDH,477,523
AtSDH,478,524
AtSDH,479,525
AtSDH,480,526
AtSDH,481,527
AtSDH,482,528
AtSDH,483,529
AtSDH,484,530
AtSDH,485,531
AtSDH,486,532
AtSDH,487,533
AtSDH,488,534
AtSDH,489,535
AtSDH,490,536
AtSDH,491,537
AtSDH,492,538
AtSDH,493,539
AtSDH,494,540
AtSDH,495,541
AtSDH,496,542
AtSDH,497,543
AtSDH,498,544
AtSDH,499,545
AtSDH,500,546
AtSDH,501,547
AtSDH,502,548
AtSDH,503,549
AtSDH,504,550
AtSDH,505,551
AtSDH,506,552
AtSDH,507,553
AtSDH,508,554
AtSDH,509,555
AtSDH,510,556
AtSDH,511,557
AtSDH,512,558
AtSDH,513,559
AtSDH,514,560
AtSDH,515,561
AtSDH,516,562
AtSDH,517,563
AtSDH,518,564
AtSDH,519,565
AtSDH,520,566
AtSDH,521,567
AtSDH,522,568
AtSDH,523,569
AtSDH,524,570
AtSDH,525,571
AtSDH,526,572
AtSDH,527,573
AtSDH,528,574
AtSDH,529,575
AtSDH,530,576
AtSDH,531,577
AtSDH,532,578
AtSDH,533,579
AtSDH,534,580
AtSDH,535,581
AtSDH,536,582
AtSDH,537,583
AtSDH,538,584
AtSDH,539,585
AtSDH,540,586
AtSDH,541,587
AtSDH,542,588
AtSDH,543,589
AtSDH,544,590
AtSDH,545,591
AtSDH,546,592
AtSDH,547,593
AtSDH,548,594
AtSDH,549,595
AtSDH,550,596
AtSDH,551,597
AtSDH,552,598
AtSDH,553,599
AtSDH,554,600
AtSDH,555,601
AtSDH,556,602
AtSDH,557,603
AtSDH,558,604
AtSDH,559,605
AtSDH,560,606
AtSDH,561,607
AtSDH,562,608
AtSDH,563,609
AtSDH,564,610
AtSDH,565,611
AtSDH,566,612
AtSDH,567,613
AtSDH,568,614
AtSDH,569,615
AtSDH,570,616
AtSDH,571,617
AtSDH,572,618
AtSDH,573,619
AtSDH,574,620
AtSDH,575,621
AtSDH,576,622
AtSDH,577,623
AtSDH,578,624
AtSDH,579,625
AtSDH,580,626
AtSDH,581,627
AtSDH,582,628
AtSDH,583,629
AtSDH,584,630
AtSDH,585,631
AtSDH,586,632
AtSDH,587,633
AtSDH,588,634
AtSDH,589,635
AtSDH,590,636
AtSDH,591,637
AtSDH,592,638
AtSDH,593,639
AtSDH,594,640
AtSDH,595,641
AtSDH,596,642
AtSDH,597,643
AtSDH,598,644
AtSDH,599,645
AtSDH,600,646
AtSDH,601,647
AtSDH,602,648
AtSDH,603,649
